{
  "variant": 1,
  "n_loaded": 115,
  "n_blocked": 2,
  "true_recurring_2plus": 109,
  "true_recurring_3plus": 51,
  "true_max_freq": 23,
  "null_mean_2plus": 87.2344,
  "null_std_2plus": 7.724717253077941,
  "null_mean_3plus": 41.1428,
  "null_std_3plus": 4.605367320855091,
  "p_2plus": 0.0041,
  "p_3plus": 0.0256,
  "z_2plus": 2.817656528635715,
  "z_3plus": 2.1403721599713323,
  "n_perms": 10000,
  "config": {
    "tokenization": "surface_forms_no_sedra",
    "phon_threshold": 0.65,
    "filter_pct": 80.0,
    "seed": 42
  }
}