{
  "variant": 7,
  "n_loaded": 115,
  "n_blocked": 2,
  "true_recurring_2plus": 112,
  "true_recurring_3plus": 52,
  "true_max_freq": 21,
  "null_mean_2plus": 87.2669,
  "null_std_2plus": 7.588113361699336,
  "null_mean_3plus": 42.3408,
  "null_std_3plus": 4.419644257177267,
  "p_2plus": 0.0014,
  "p_3plus": 0.0224,
  "z_2plus": 3.2594531500859243,
  "z_3plus": 2.1855152672783498,
  "n_perms": 10000,
  "config": {
    "tokenization": "surface_forms_no_sedra",
    "phon_threshold": 0.65,
    "filter_pct": 80.0,
    "seed": 42
  }
}