{
  "variant": 2,
  "n_loaded": 115,
  "n_blocked": 2,
  "true_recurring_2plus": 101,
  "true_recurring_3plus": 52,
  "true_max_freq": 21,
  "null_mean_2plus": 86.8384,
  "null_std_2plus": 7.39284014706121,
  "null_mean_3plus": 42.0828,
  "null_std_3plus": 4.4474199441923625,
  "p_2plus": 0.0363,
  "p_3plus": 0.0198,
  "z_2plus": 1.915583147787864,
  "z_3plus": 2.229877125264575,
  "n_perms": 10000,
  "config": {
    "tokenization": "surface_forms_no_sedra",
    "phon_threshold": 0.65,
    "filter_pct": 80.0,
    "seed": 42
  }
}