{
  "variant": 9,
  "n_loaded": 115,
  "n_blocked": 2,
  "true_recurring_2plus": 108,
  "true_recurring_3plus": 49,
  "true_max_freq": 22,
  "null_mean_2plus": 87.2156,
  "null_std_2plus": 7.558526089126107,
  "null_mean_3plus": 41.256,
  "null_std_3plus": 4.579461103667112,
  "p_2plus": 0.0048,
  "p_3plus": 0.0615,
  "z_2plus": 2.74979536419157,
  "z_3plus": 1.6910286657525728,
  "n_perms": 10000,
  "config": {
    "tokenization": "surface_forms_no_sedra",
    "phon_threshold": 0.65,
    "filter_pct": 80.0,
    "seed": 42
  }
}