{
  "variant": 6,
  "n_loaded": 115,
  "n_blocked": 2,
  "true_recurring_2plus": 104,
  "true_recurring_3plus": 53,
  "true_max_freq": 20,
  "null_mean_2plus": 87.765,
  "null_std_2plus": 7.543472343688946,
  "null_mean_3plus": 42.4856,
  "null_std_3plus": 4.5059729959244095,
  "p_2plus": 0.0212,
  "p_3plus": 0.0162,
  "z_2plus": 2.1521918899301857,
  "z_3plus": 2.3334360879459624,
  "n_perms": 10000,
  "config": {
    "tokenization": "surface_forms_no_sedra",
    "phon_threshold": 0.65,
    "filter_pct": 80.0,
    "seed": 42
  }
}