{
  "variant": 5,
  "n_loaded": 115,
  "n_blocked": 2,
  "true_recurring_2plus": 104,
  "true_recurring_3plus": 47,
  "true_max_freq": 21,
  "null_mean_2plus": 86.5403,
  "null_std_2plus": 7.442444216116101,
  "null_mean_3plus": 40.8498,
  "null_std_3plus": 4.416722762411061,
  "p_2plus": 0.0153,
  "p_3plus": 0.1005,
  "z_2plus": 2.3459631665350233,
  "z_3plus": 1.392480427420498,
  "n_perms": 10000,
  "config": {
    "tokenization": "surface_forms_no_sedra",
    "phon_threshold": 0.65,
    "filter_pct": 80.0,
    "seed": 42
  }
}