{
  "variant": 4,
  "n_loaded": 115,
  "n_blocked": 2,
  "true_recurring_2plus": 111,
  "true_recurring_3plus": 50,
  "true_max_freq": 24,
  "null_mean_2plus": 89.2383,
  "null_std_2plus": 7.4313870246408245,
  "null_mean_3plus": 43.8308,
  "null_std_3plus": 4.526054723487112,
  "p_2plus": 0.0031,
  "p_3plus": 0.1045,
  "z_2plus": 2.9283497048186367,
  "z_3plus": 1.3630414073400594,
  "n_perms": 10000,
  "config": {
    "tokenization": "surface_forms_no_sedra",
    "phon_threshold": 0.65,
    "filter_pct": 80.0,
    "seed": 42
  }
}