{
  "variant": 3,
  "n_loaded": 115,
  "n_blocked": 2,
  "true_recurring_2plus": 111,
  "true_recurring_3plus": 54,
  "true_max_freq": 20,
  "null_mean_2plus": 87.9569,
  "null_std_2plus": 7.480430628646991,
  "null_mean_3plus": 43.2795,
  "null_std_3plus": 4.392901063078931,
  "p_2plus": 0.0019,
  "p_3plus": 0.0128,
  "z_2plus": 3.080450998603522,
  "z_3plus": 2.4404146248825676,
  "n_perms": 10000,
  "config": {
    "tokenization": "surface_forms_no_sedra",
    "phon_threshold": 0.65,
    "filter_pct": 80.0,
    "seed": 42
  }
}