{
  "variant": 9,
  "n_loaded": 115,
  "n_blocked": 2,
  "true_recurring_2plus": 108,
  "true_recurring_3plus": 49,
  "true_max_freq": 22,
  "null_mean_2plus": 87.295,
  "null_std_2plus": 7.540157491723896,
  "null_mean_3plus": 41.42,
  "null_std_3plus": 4.714827674475495,
  "p_2plus": 0.006,
  "p_3plus": 0.068,
  "z_2plus": 2.7459638638484516,
  "z_3plus": 1.607693965367089,
  "n_perms": 1000,
  "config": {
    "tokenization": "surface_forms_no_sedra",
    "phon_threshold": 0.65,
    "filter_pct": 80.0,
    "seed": 42
  }
}