{
  "variant": 8,
  "n_loaded": 115,
  "n_blocked": 2,
  "true_recurring_2plus": 102,
  "true_recurring_3plus": 49,
  "true_max_freq": 21,
  "null_mean_2plus": 86.255,
  "null_std_2plus": 7.385836107036224,
  "null_mean_3plus": 42.0016,
  "null_std_3plus": 4.391263763428474,
  "p_2plus": 0.023,
  "p_3plus": 0.0699,
  "z_2plus": 2.131783019799248,
  "z_3plus": 1.5937097785572336,
  "n_perms": 10000,
  "config": {
    "tokenization": "surface_forms_no_sedra",
    "phon_threshold": 0.65,
    "filter_pct": 80.0,
    "seed": 42
  }
}