{
  "hebrew": {
    "skipped": false,
    "n_proverbs_pairs": 594,
    "n_control_pairs": 33,
    "proverbs_total": 324,
    "control_total": 153,
    "proverbs_mean_per_pair": 0.5454545454545454,
    "control_mean_per_pair": 4.636363636363637,
    "proverbs_mean_density": 92.90697252683184,
    "control_mean_density": 175.907638991651,
    "proverbs_mean_pair_len": 7.643097643097643,
    "control_mean_pair_len": 16.53030303030303,
    "mw_prov_gt_ctrl_raw_p": 1.0,
    "mw_prov_gt_ctrl_density_p": 0.9999989096062419
  },
  "greek": {
    "skipped": false,
    "n_proverbs_pairs": 590,
    "n_control_pairs": 33,
    "proverbs_total": 935,
    "control_total": 289,
    "proverbs_mean_per_pair": 1.5847457627118644,
    "control_mean_per_pair": 8.757575757575758,
    "proverbs_mean_density": 128.8491802456875,
    "control_mean_density": 129.98558002670978,
    "proverbs_mean_pair_len": 10.915254237288135,
    "control_mean_pair_len": 27.272727272727273,
    "mw_prov_gt_ctrl_raw_p": 1.0,
    "mw_prov_gt_ctrl_density_p": 0.738611175135498
  },
  "syriac": {
    "skipped": false,
    "n_proverbs_pairs": 586,
    "n_control_pairs": 33,
    "proverbs_total": 423,
    "control_total": 157,
    "proverbs_mean_per_pair": 0.7218430034129693,
    "control_mean_per_pair": 4.757575757575758,
    "proverbs_mean_density": 106.6661500262512,
    "control_mean_density": 178.92683657304462,
    "proverbs_mean_pair_len": 8.116894197952218,
    "control_mean_pair_len": 16.439393939393938,
    "mw_prov_gt_ctrl_raw_p": 1.0,
    "mw_prov_gt_ctrl_density_p": 0.9999570031472353
  },
  "aramaic": {
    "skipped": false,
    "n_proverbs_pairs": 589,
    "n_control_pairs": 33,
    "proverbs_total": 350,
    "control_total": 121,
    "proverbs_mean_per_pair": 0.5942275042444821,
    "control_mean_per_pair": 3.6666666666666665,
    "proverbs_mean_density": 93.34087296584264,
    "control_mean_density": 161.32129133775203,
    "proverbs_mean_pair_len": 7.933786078098472,
    "control_mean_pair_len": 15.651515151515152,
    "mw_prov_gt_ctrl_raw_p": 1.0,
    "mw_prov_gt_ctrl_density_p": 0.9999990647030274
  },
  "arabic": {
    "skipped": false,
    "n_proverbs_pairs": 589,
    "n_control_pairs": 33,
    "proverbs_total": 373,
    "control_total": 124,
    "proverbs_mean_per_pair": 0.633276740237691,
    "control_mean_per_pair": 3.757575757575758,
    "proverbs_mean_density": 86.5330891170622,
    "control_mean_density": 138.16708574061832,
    "proverbs_mean_pair_len": 8.456706281833617,
    "control_mean_pair_len": 17.045454545454547,
    "mw_prov_gt_ctrl_raw_p": 1.0,
    "mw_prov_gt_ctrl_density_p": 0.9999853793201924
  }
}