{
  "corpus": "proverbs",
  "lang": "hebrew",
  "variant": 0,
  "is_source": true,
  "phon_threshold": 0.6,
  "filter_pct": 80.0,
  "tag": "",
  "n_units_used": 595,
  "n_blocked": 0,
  "diagnostic": {
    "n_boundaries": 594,
    "phonological_total": 439,
    "etymological_total": 0,
    "semantic_total": 104
  },
  "results": {
    "all": {
      "true_total": 543,
      "null_mean": 447.4171,
      "null_std": 21.46524930183668,
      "z_score": 4.452913574678186,
      "p_value": 0.0,
      "n_perms": 10000
    },
    "phon": {
      "true_total": 439,
      "null_mean": 389.9301,
      "null_std": 19.722054000281005,
      "z_score": 2.488072489777224,
      "p_value": 0.0082,
      "n_perms": 10000
    },
    "sem": {
      "true_total": 104,
      "null_mean": 57.487,
      "null_std": 7.666996217554826,
      "z_score": 6.066652269046511,
      "p_value": 0.0,
      "n_perms": 10000
    }
  },
  "elapsed_s": 282.93117690086365
}