{
  "corpus": "thomas",
  "lang": "greek",
  "variant": 0,
  "is_source": false,
  "phon_threshold": 0.5,
  "filter_pct": 80.0,
  "tag": "thr050",
  "n_units_used": 115,
  "n_blocked": 1,
  "diagnostic": {
    "n_boundaries": 114,
    "phonological_total": 4662,
    "etymological_total": 0,
    "semantic_total": 467
  },
  "results": {
    "all": {
      "true_total": 5129,
      "null_mean": 4699.2321,
      "null_std": 142.5824618583576,
      "z_score": 3.014170848213676,
      "p_value": 0.002,
      "n_perms": 10000
    },
    "phon": {
      "true_total": 4662,
      "null_mean": 4296.4827,
      "null_std": 134.69880140784477,
      "z_score": 2.713589847717182,
      "p_value": 0.0047,
      "n_perms": 10000
    },
    "sem": {
      "true_total": 467,
      "null_mean": 402.7494,
      "null_std": 16.345739495048853,
      "z_score": 3.930724579298576,
      "p_value": 0.0001,
      "n_perms": 10000
    }
  },
  "elapsed_s": 317.13553166389465
}