{
  "corpus": "thomas",
  "lang": "syriac",
  "variant": 0,
  "is_source": true,
  "phon_threshold": 0.5,
  "filter_pct": 80.0,
  "tag": "thr050",
  "n_units_used": 115,
  "n_blocked": 2,
  "diagnostic": {
    "n_boundaries": 114,
    "phonological_total": 4196,
    "etymological_total": 0,
    "semantic_total": 327
  },
  "results": {
    "all": {
      "true_total": 4523,
      "null_mean": 4192.5084,
      "null_std": 130.83795064674467,
      "z_score": 2.5259613007261903,
      "p_value": 0.0078,
      "n_perms": 10000
    },
    "phon": {
      "true_total": 4196,
      "null_mean": 3922.0365,
      "null_std": 124.95749504431497,
      "z_score": 2.192453521118052,
      "p_value": 0.0156,
      "n_perms": 10000
    },
    "sem": {
      "true_total": 327,
      "null_mean": 270.4719,
      "null_std": 12.90047326224895,
      "z_score": 4.381862498441814,
      "p_value": 0.0,
      "n_perms": 10000
    }
  },
  "elapsed_s": 85.87544822692871
}