{
  "corpus": "thomas",
  "lang": "greek",
  "variant": 3,
  "is_source": false,
  "phon_threshold": 0.6,
  "filter_pct": 80.0,
  "tag": "",
  "n_units_used": 115,
  "n_blocked": 1,
  "diagnostic": {
    "n_boundaries": 114,
    "phonological_total": 1367,
    "etymological_total": 0,
    "semantic_total": 476
  },
  "results": {
    "all": {
      "true_total": 1843,
      "null_mean": 1642.303,
      "null_std": 51.21374025591179,
      "z_score": 3.9188116118277985,
      "p_value": 0.0,
      "n_perms": 1000
    },
    "phon": {
      "true_total": 1367,
      "null_mean": 1230.17,
      "null_std": 43.72568009762684,
      "z_score": 3.1292823735273636,
      "p_value": 0.001,
      "n_perms": 1000
    },
    "sem": {
      "true_total": 476,
      "null_mean": 412.133,
      "null_std": 15.946388650725906,
      "z_score": 4.005107450901912,
      "p_value": 0.0,
      "n_perms": 1000
    }
  },
  "elapsed_s": 327.61285161972046
}