{
  "corpus": "thomas",
  "lang": "syriac",
  "variant": 0,
  "is_source": true,
  "phon_threshold": 0.5,
  "filter_pct": 100.0,
  "tag": "thr050_nb",
  "n_units_used": 115,
  "n_blocked": 0,
  "diagnostic": {
    "n_boundaries": 114,
    "phonological_total": 4704,
    "etymological_total": 0,
    "semantic_total": 513
  },
  "results": {
    "all": {
      "true_total": 5217,
      "null_mean": 4882.9761,
      "null_std": 131.28733118161097,
      "z_score": 2.544220352365468,
      "p_value": 0.0071,
      "n_perms": 10000
    },
    "phon": {
      "true_total": 4704,
      "null_mean": 4425.3785,
      "null_std": 125.44049919284443,
      "z_score": 2.2211447004182023,
      "p_value": 0.015,
      "n_perms": 10000
    },
    "sem": {
      "true_total": 513,
      "null_mean": 457.5976,
      "null_std": 13.03094295283346,
      "z_score": 4.25160329536653,
      "p_value": 0.0,
      "n_perms": 10000
    }
  },
  "elapsed_s": 126.05171060562134
}