{
  "corpus": "thomas",
  "lang": "greek",
  "variant": 0,
  "is_source": false,
  "phon_threshold": 0.6,
  "filter_pct": 80.0,
  "tag": "",
  "n_units_used": 115,
  "n_blocked": 1,
  "diagnostic": {
    "n_boundaries": 114,
    "phonological_total": 1398,
    "etymological_total": 0,
    "semantic_total": 467
  },
  "results": {
    "all": {
      "true_total": 1865,
      "null_mean": 1651.1284,
      "null_std": 54.269712671433965,
      "z_score": 3.9409016460957953,
      "p_value": 0.0,
      "n_perms": 10000
    },
    "phon": {
      "true_total": 1398,
      "null_mean": 1248.379,
      "null_std": 45.701752253059176,
      "z_score": 3.2738569666108326,
      "p_value": 0.0006,
      "n_perms": 10000
    },
    "sem": {
      "true_total": 467,
      "null_mean": 402.7494,
      "null_std": 16.345739495048853,
      "z_score": 3.930724579298576,
      "p_value": 0.0001,
      "n_perms": 10000
    }
  },
  "elapsed_s": 293.3992488384247
}