{
  "corpus": "thomas",
  "lang": "arabic",
  "variant": 0,
  "is_source": false,
  "phon_threshold": 0.6,
  "filter_pct": 80.0,
  "tag": "",
  "n_units_used": 115,
  "n_blocked": 1,
  "diagnostic": {
    "n_boundaries": 114,
    "phonological_total": 1092,
    "etymological_total": 0,
    "semantic_total": 234
  },
  "results": {
    "all": {
      "true_total": 1326,
      "null_mean": 1166.3506,
      "null_std": 48.0948238341716,
      "z_score": 3.3194715620637822,
      "p_value": 0.0009,
      "n_perms": 10000
    },
    "phon": {
      "true_total": 1092,
      "null_mean": 977.1764,
      "null_std": 43.86371259982447,
      "z_score": 2.617735553931647,
      "p_value": 0.0059,
      "n_perms": 10000
    },
    "sem": {
      "true_total": 234,
      "null_mean": 189.1742,
      "null_std": 11.256191823170036,
      "z_score": 3.9823237471601542,
      "p_value": 0.0001,
      "n_perms": 10000
    }
  },
  "elapsed_s": 139.81391954421997
}