{
  "corpus": "thomas",
  "lang": "hebrew",
  "variant": 9,
  "is_source": false,
  "phon_threshold": 0.6,
  "filter_pct": 80.0,
  "tag": "",
  "n_units_used": 115,
  "n_blocked": 2,
  "diagnostic": {
    "n_boundaries": 114,
    "phonological_total": 1240,
    "etymological_total": 0,
    "semantic_total": 220
  },
  "results": {
    "all": {
      "true_total": 1460,
      "null_mean": 1276.824,
      "null_std": 56.89649395173661,
      "z_score": 3.2194602387166773,
      "p_value": 0.0,
      "n_perms": 1000
    },
    "phon": {
      "true_total": 1240,
      "null_mean": 1089.595,
      "null_std": 52.12376593263383,
      "z_score": 2.885535941405068,
      "p_value": 0.003,
      "n_perms": 1000
    },
    "sem": {
      "true_total": 220,
      "null_mean": 187.229,
      "null_std": 10.843641408678176,
      "z_score": 3.0221397743541507,
      "p_value": 0.004,
      "n_perms": 1000
    }
  },
  "elapsed_s": 182.81189370155334
}