{
  "corpus": "thomas",
  "lang": "syriac",
  "variant": 0,
  "is_source": true,
  "phon_threshold": 0.7,
  "filter_pct": 80.0,
  "tag": "thr070",
  "n_units_used": 115,
  "n_blocked": 2,
  "diagnostic": {
    "n_boundaries": 114,
    "phonological_total": 315,
    "etymological_total": 0,
    "semantic_total": 327
  },
  "results": {
    "all": {
      "true_total": 642,
      "null_mean": 579.2145,
      "null_std": 21.79072026689343,
      "z_score": 2.8812953051115873,
      "p_value": 0.0023,
      "n_perms": 10000
    },
    "phon": {
      "true_total": 315,
      "null_mean": 308.7426,
      "null_std": 14.817467571754628,
      "z_score": 0.4222988827003075,
      "p_value": 0.3492,
      "n_perms": 10000
    },
    "sem": {
      "true_total": 327,
      "null_mean": 270.4719,
      "null_std": 12.90047326224895,
      "z_score": 4.381862498441814,
      "p_value": 0.0,
      "n_perms": 10000
    }
  },
  "elapsed_s": 85.42489194869995
}