{
  "corpus": "thomas",
  "lang": "greek",
  "variant": 0,
  "is_source": false,
  "detector": "vanilla_levenshtein",
  "phon_threshold": 0.6,
  "filter_pct": 80.0,
  "n_units_used": 115,
  "n_blocked": 1,
  "diagnostic": {
    "n_boundaries": 114,
    "phonological_total": 1014,
    "etymological_total": 0,
    "semantic_total": 467
  },
  "results": {
    "all": {
      "true_total": 1481,
      "null_mean": 1316.53,
      "null_std": 45.178814725488316,
      "z_score": 3.6404230832379887,
      "p_value": 0.0003,
      "n_perms": 10000
    },
    "phon": {
      "true_total": 1014,
      "null_mean": 913.7806,
      "null_std": 36.30542471367055,
      "z_score": 2.7604524885853507,
      "p_value": 0.0044,
      "n_perms": 10000
    },
    "sem": {
      "true_total": 467,
      "null_mean": 402.7494,
      "null_std": 16.345739495048853,
      "z_score": 3.930724579298576,
      "p_value": 0.0001,
      "n_perms": 10000
    }
  },
  "elapsed_s": 95.37736582756042
}