{
  "corpus": "proverbs",
  "lang": "greek",
  "variant": 7,
  "is_source": false,
  "n_units_used": 588,
  "n_blocked": 0,
  "diagnostic": {
    "n_boundaries": 587,
    "phonological_total": 389,
    "etymological_total": 0,
    "semantic_total": 551,
    "per_boundary_phon_plus_etym": 0.6626916524701874,
    "per_boundary_semantic": 0.938671209540034
  },
  "results": {
    "all": {
      "true_recurring_2plus": 91,
      "null_mean": 69.064,
      "null_std": 5.473198699115537,
      "z_score": 4.007893958526454,
      "p_value": 0.0,
      "n_perms": 1000
    },
    "phon": {
      "true_recurring_2plus": 62,
      "null_mean": 46.374,
      "null_std": 4.495122245278765,
      "z_score": 3.476212469285349,
      "p_value": 0.001,
      "n_perms": 1000
    },
    "sem": {
      "true_recurring_2plus": 29,
      "null_mean": 22.69,
      "null_std": 2.850947211016016,
      "z_score": 2.213299487138259,
      "p_value": 0.025,
      "n_perms": 1000
    }
  },
  "elapsed_s": 1324.5711588859558
}