{
  "corpus": "proverbs",
  "lang": "syriac",
  "variant": 2,
  "is_source": false,
  "n_units_used": 592,
  "n_blocked": 0,
  "diagnostic": {
    "n_boundaries": 591,
    "phonological_total": 333,
    "etymological_total": 0,
    "semantic_total": 115,
    "per_boundary_phon_plus_etym": 0.5634517766497462,
    "per_boundary_semantic": 0.19458544839255498
  },
  "results": {
    "all": {
      "true_recurring_2plus": 45,
      "null_mean": 34.653,
      "null_std": 4.449560764839604,
      "z_score": 2.3253980666500653,
      "p_value": 0.017,
      "n_perms": 1000
    },
    "phon": {
      "true_recurring_2plus": 28,
      "null_mean": 24.035,
      "null_std": 3.8070690826408704,
      "z_score": 1.041483596417845,
      "p_value": 0.182,
      "n_perms": 1000
    },
    "sem": {
      "true_recurring_2plus": 17,
      "null_mean": 10.618,
      "null_std": 2.221728156188331,
      "z_score": 2.8725386507002577,
      "p_value": 0.004,
      "n_perms": 1000
    }
  },
  "elapsed_s": 874.6482775211334
}