{
  "corpus": "proverbs",
  "lang": "aramaic",
  "variant": 3,
  "is_source": false,
  "n_units_used": 594,
  "n_blocked": 0,
  "diagnostic": {
    "n_boundaries": 593,
    "phonological_total": 254,
    "etymological_total": 0,
    "semantic_total": 77,
    "per_boundary_phon_plus_etym": 0.42833052276559863,
    "per_boundary_semantic": 0.12984822934232715
  },
  "results": {
    "all": {
      "true_recurring_2plus": 26,
      "null_mean": 20.255,
      "null_std": 3.352905456466078,
      "z_score": 1.7134393064739624,
      "p_value": 0.064,
      "n_perms": 1000
    },
    "phon": {
      "true_recurring_2plus": 16,
      "null_mean": 14.655,
      "null_std": 3.0225775424296395,
      "z_score": 0.444984448246396,
      "p_value": 0.378,
      "n_perms": 1000
    },
    "sem": {
      "true_recurring_2plus": 10,
      "null_mean": 5.6,
      "null_std": 1.5485477067239486,
      "z_score": 2.8413719389430248,
      "p_value": 0.015,
      "n_perms": 1000
    }
  },
  "elapsed_s": 843.3652868270874
}