{
  "corpus": "proverbs",
  "lang": "greek",
  "variant": 9,
  "is_source": false,
  "n_units_used": 585,
  "n_blocked": 0,
  "diagnostic": {
    "n_boundaries": 584,
    "phonological_total": 387,
    "etymological_total": 0,
    "semantic_total": 548,
    "per_boundary_phon_plus_etym": 0.6626712328767124,
    "per_boundary_semantic": 0.9383561643835616
  },
  "results": {
    "all": {
      "true_recurring_2plus": 89,
      "null_mean": 69.585,
      "null_std": 5.2849574265078045,
      "z_score": 3.6736341342354115,
      "p_value": 0.0,
      "n_perms": 1000
    },
    "phon": {
      "true_recurring_2plus": 54,
      "null_mean": 47.424,
      "null_std": 4.567956216953048,
      "z_score": 1.4395934828785142,
      "p_value": 0.094,
      "n_perms": 1000
    },
    "sem": {
      "true_recurring_2plus": 35,
      "null_mean": 22.161,
      "null_std": 2.750832419468696,
      "z_score": 4.667314486020112,
      "p_value": 0.0,
      "n_perms": 1000
    }
  },
  "elapsed_s": 1327.437611579895
}