{
  "corpus": "q",
  "lang": "aramaic",
  "variant": 1,
  "is_source": false,
  "n_units_used": 56,
  "n_blocked": 0,
  "diagnostic": {
    "n_boundaries": 55,
    "phonological_total": 896,
    "etymological_total": 0,
    "semantic_total": 160,
    "per_boundary_phon_plus_etym": 16.29090909090909,
    "per_boundary_semantic": 2.909090909090909
  },
  "results": {
    "all": {
      "true_recurring_2plus": 152,
      "null_mean": 130.076,
      "null_std": 12.257333478371223,
      "z_score": 1.7886435119584678,
      "p_value": 0.045,
      "n_perms": 1000
    },
    "phon": {
      "true_recurring_2plus": 121,
      "null_mean": 107.147,
      "null_std": 10.955427467698374,
      "z_score": 1.264487400500345,
      "p_value": 0.125,
      "n_perms": 1000
    },
    "sem": {
      "true_recurring_2plus": 31,
      "null_mean": 22.929,
      "null_std": 3.164799993680485,
      "z_score": 2.5502401466494824,
      "p_value": 0.008,
      "n_perms": 1000
    }
  },
  "elapsed_s": 522.2196590900421
}