{
  "corpus": "q",
  "lang": "aramaic",
  "variant": 5,
  "is_source": false,
  "n_units_used": 56,
  "n_blocked": 0,
  "diagnostic": {
    "n_boundaries": 55,
    "phonological_total": 926,
    "etymological_total": 0,
    "semantic_total": 160,
    "per_boundary_phon_plus_etym": 16.836363636363636,
    "per_boundary_semantic": 2.909090909090909
  },
  "results": {
    "all": {
      "true_recurring_2plus": 160,
      "null_mean": 131.616,
      "null_std": 12.309855563734288,
      "z_score": 2.30579472302025,
      "p_value": 0.014,
      "n_perms": 1000
    },
    "phon": {
      "true_recurring_2plus": 126,
      "null_mean": 109.132,
      "null_std": 11.250714466201691,
      "z_score": 1.499282561180733,
      "p_value": 0.092,
      "n_perms": 1000
    },
    "sem": {
      "true_recurring_2plus": 34,
      "null_mean": 22.484,
      "null_std": 3.1571734193737284,
      "z_score": 3.6475665002540043,
      "p_value": 0.0,
      "n_perms": 1000
    }
  },
  "elapsed_s": 513.344899892807
}