{
  "corpus": "q",
  "lang": "aramaic",
  "variant": 0,
  "is_source": false,
  "n_units_used": 56,
  "n_blocked": 0,
  "diagnostic": {
    "n_boundaries": 55,
    "phonological_total": 898,
    "etymological_total": 0,
    "semantic_total": 162,
    "per_boundary_phon_plus_etym": 16.327272727272728,
    "per_boundary_semantic": 2.9454545454545453
  },
  "results": {
    "all": {
      "true_recurring_2plus": 149,
      "null_mean": 129.7986,
      "null_std": 12.02248884549285,
      "z_score": 1.5971235446143486,
      "p_value": 0.0643,
      "n_perms": 10000
    },
    "phon": {
      "true_recurring_2plus": 116,
      "null_mean": 106.2652,
      "null_std": 10.81485408870596,
      "z_score": 0.9001323476167965,
      "p_value": 0.193,
      "n_perms": 10000
    },
    "sem": {
      "true_recurring_2plus": 33,
      "null_mean": 23.5334,
      "null_std": 3.0537983626952188,
      "z_score": 3.099942719088033,
      "p_value": 0.0023,
      "n_perms": 10000
    }
  },
  "elapsed_s": 481.8298125267029
}