{
  "corpus": "q",
  "lang": "aramaic",
  "variant": 6,
  "is_source": false,
  "n_units_used": 56,
  "n_blocked": 0,
  "diagnostic": {
    "n_boundaries": 55,
    "phonological_total": 908,
    "etymological_total": 0,
    "semantic_total": 157,
    "per_boundary_phon_plus_etym": 16.509090909090908,
    "per_boundary_semantic": 2.8545454545454545
  },
  "results": {
    "all": {
      "true_recurring_2plus": 134,
      "null_mean": 132.489,
      "null_std": 11.769701737937117,
      "z_score": 0.12838048351978285,
      "p_value": 0.47,
      "n_perms": 1000
    },
    "phon": {
      "true_recurring_2plus": 108,
      "null_mean": 108.588,
      "null_std": 10.634860412812197,
      "z_score": -0.05528986532739153,
      "p_value": 0.519,
      "n_perms": 1000
    },
    "sem": {
      "true_recurring_2plus": 26,
      "null_mean": 23.901,
      "null_std": 3.1672068135819615,
      "z_score": 0.6627290617710342,
      "p_value": 0.284,
      "n_perms": 1000
    }
  },
  "elapsed_s": 520.9564125537872
}