{
  "corpus": "q",
  "lang": "aramaic",
  "variant": 3,
  "is_source": false,
  "n_units_used": 56,
  "n_blocked": 0,
  "diagnostic": {
    "n_boundaries": 55,
    "phonological_total": 906,
    "etymological_total": 0,
    "semantic_total": 163,
    "per_boundary_phon_plus_etym": 16.472727272727273,
    "per_boundary_semantic": 2.963636363636364
  },
  "results": {
    "all": {
      "true_recurring_2plus": 150,
      "null_mean": 130.57,
      "null_std": 11.861074993439676,
      "z_score": 1.6381314518917283,
      "p_value": 0.061,
      "n_perms": 1000
    },
    "phon": {
      "true_recurring_2plus": 119,
      "null_mean": 108.465,
      "null_std": 10.735677668410132,
      "z_score": 0.9813074055864558,
      "p_value": 0.167,
      "n_perms": 1000
    },
    "sem": {
      "true_recurring_2plus": 31,
      "null_mean": 22.105,
      "null_std": 3.1918607425763423,
      "z_score": 2.786775714037045,
      "p_value": 0.005,
      "n_perms": 1000
    }
  },
  "elapsed_s": 527.6611328125
}