{
  "corpus": "q",
  "lang": "arabic",
  "variant": 8,
  "is_source": false,
  "n_units_used": 56,
  "n_blocked": 0,
  "diagnostic": {
    "n_boundaries": 55,
    "phonological_total": 926,
    "etymological_total": 0,
    "semantic_total": 256,
    "per_boundary_phon_plus_etym": 16.836363636363636,
    "per_boundary_semantic": 4.654545454545454
  },
  "results": {
    "all": {
      "true_recurring_2plus": 170,
      "null_mean": 163.07,
      "null_std": 12.277585267470148,
      "z_score": 0.5644432393690038,
      "p_value": 0.3,
      "n_perms": 1000
    },
    "phon": {
      "true_recurring_2plus": 134,
      "null_mean": 132.175,
      "null_std": 10.917984017207573,
      "z_score": 0.1671554013198453,
      "p_value": 0.445,
      "n_perms": 1000
    },
    "sem": {
      "true_recurring_2plus": 36,
      "null_mean": 30.895,
      "null_std": 3.0374290115161537,
      "z_score": 1.6806977152864568,
      "p_value": 0.064,
      "n_perms": 1000
    }
  },
  "elapsed_s": 568.6303281784058
}