{
  "corpus": "q",
  "lang": "arabic",
  "variant": 2,
  "is_source": false,
  "n_units_used": 56,
  "n_blocked": 0,
  "diagnostic": {
    "n_boundaries": 55,
    "phonological_total": 939,
    "etymological_total": 0,
    "semantic_total": 248,
    "per_boundary_phon_plus_etym": 17.072727272727274,
    "per_boundary_semantic": 4.509090909090909
  },
  "results": {
    "all": {
      "true_recurring_2plus": 163,
      "null_mean": 161.516,
      "null_std": 12.500069759805342,
      "z_score": 0.11871933745297103,
      "p_value": 0.47,
      "n_perms": 1000
    },
    "phon": {
      "true_recurring_2plus": 129,
      "null_mean": 131.119,
      "null_std": 11.187977431153497,
      "z_score": -0.18939973851748534,
      "p_value": 0.575,
      "n_perms": 1000
    },
    "sem": {
      "true_recurring_2plus": 34,
      "null_mean": 30.397,
      "null_std": 3.0931199459445473,
      "z_score": 1.164843285409597,
      "p_value": 0.16,
      "n_perms": 1000
    }
  },
  "elapsed_s": 578.8479161262512
}