{
  "corpus": "q",
  "lang": "hebrew",
  "variant": 5,
  "is_source": false,
  "n_units_used": 56,
  "n_blocked": 0,
  "diagnostic": {
    "n_boundaries": 55,
    "phonological_total": 1145,
    "etymological_total": 0,
    "semantic_total": 290,
    "per_boundary_phon_plus_etym": 20.818181818181817,
    "per_boundary_semantic": 5.2727272727272725
  },
  "results": {
    "all": {
      "true_recurring_2plus": 216,
      "null_mean": 195.777,
      "null_std": 12.989506187688583,
      "z_score": 1.5568721172146878,
      "p_value": 0.071,
      "n_perms": 1000
    },
    "phon": {
      "true_recurring_2plus": 181,
      "null_mean": 166.444,
      "null_std": 11.772377160115115,
      "z_score": 1.2364537596804006,
      "p_value": 0.114,
      "n_perms": 1000
    },
    "sem": {
      "true_recurring_2plus": 35,
      "null_mean": 29.333,
      "null_std": 3.1308323174517025,
      "z_score": 1.810061806380157,
      "p_value": 0.054,
      "n_perms": 1000
    }
  },
  "elapsed_s": 505.49718499183655
}