{
  "corpus": "q",
  "lang": "hebrew",
  "variant": 7,
  "is_source": false,
  "n_units_used": 56,
  "n_blocked": 0,
  "diagnostic": {
    "n_boundaries": 55,
    "phonological_total": 1145,
    "etymological_total": 0,
    "semantic_total": 278,
    "per_boundary_phon_plus_etym": 20.818181818181817,
    "per_boundary_semantic": 5.054545454545455
  },
  "results": {
    "all": {
      "true_recurring_2plus": 208,
      "null_mean": 194.802,
      "null_std": 12.55861441401877,
      "z_score": 1.050912112188707,
      "p_value": 0.153,
      "n_perms": 1000
    },
    "phon": {
      "true_recurring_2plus": 175,
      "null_mean": 164.802,
      "null_std": 11.462233464731034,
      "z_score": 0.8897044394863325,
      "p_value": 0.199,
      "n_perms": 1000
    },
    "sem": {
      "true_recurring_2plus": 33,
      "null_mean": 30.0,
      "null_std": 3.120576869747002,
      "z_score": 0.9613607115671604,
      "p_value": 0.196,
      "n_perms": 1000
    }
  },
  "elapsed_s": 515.6734538078308
}