{
  "corpus": "q",
  "lang": "hebrew",
  "variant": 9,
  "is_source": false,
  "n_units_used": 56,
  "n_blocked": 0,
  "diagnostic": {
    "n_boundaries": 55,
    "phonological_total": 1133,
    "etymological_total": 0,
    "semantic_total": 298,
    "per_boundary_phon_plus_etym": 20.6,
    "per_boundary_semantic": 5.418181818181818
  },
  "results": {
    "all": {
      "true_recurring_2plus": 212,
      "null_mean": 194.363,
      "null_std": 12.80168859955592,
      "z_score": 1.3777088751097892,
      "p_value": 0.094,
      "n_perms": 1000
    },
    "phon": {
      "true_recurring_2plus": 175,
      "null_mean": 164.493,
      "null_std": 11.71426271687638,
      "z_score": 0.8969407852585457,
      "p_value": 0.189,
      "n_perms": 1000
    },
    "sem": {
      "true_recurring_2plus": 37,
      "null_mean": 29.87,
      "null_std": 3.059918299562915,
      "z_score": 2.3301275726931867,
      "p_value": 0.022,
      "n_perms": 1000
    }
  },
  "elapsed_s": 496.8201549053192
}