{
  "corpus": "q",
  "lang": "hebrew",
  "variant": 8,
  "is_source": false,
  "n_units_used": 56,
  "n_blocked": 0,
  "diagnostic": {
    "n_boundaries": 55,
    "phonological_total": 1147,
    "etymological_total": 0,
    "semantic_total": 288,
    "per_boundary_phon_plus_etym": 20.854545454545455,
    "per_boundary_semantic": 5.236363636363636
  },
  "results": {
    "all": {
      "true_recurring_2plus": 210,
      "null_mean": 197.308,
      "null_std": 12.87995093158355,
      "z_score": 0.9854074807752055,
      "p_value": 0.165,
      "n_perms": 1000
    },
    "phon": {
      "true_recurring_2plus": 174,
      "null_mean": 166.5,
      "null_std": 11.752191285032762,
      "z_score": 0.6381788568700184,
      "p_value": 0.288,
      "n_perms": 1000
    },
    "sem": {
      "true_recurring_2plus": 36,
      "null_mean": 30.808,
      "null_std": 3.1124164245807466,
      "z_score": 1.668157242390655,
      "p_value": 0.073,
      "n_perms": 1000
    }
  },
  "elapsed_s": 521.0062227249146
}