{
  "corpus": "q",
  "lang": "hebrew",
  "variant": 6,
  "is_source": false,
  "n_units_used": 56,
  "n_blocked": 0,
  "diagnostic": {
    "n_boundaries": 55,
    "phonological_total": 1142,
    "etymological_total": 0,
    "semantic_total": 283,
    "per_boundary_phon_plus_etym": 20.763636363636362,
    "per_boundary_semantic": 5.1454545454545455
  },
  "results": {
    "all": {
      "true_recurring_2plus": 204,
      "null_mean": 194.642,
      "null_std": 13.081660292180041,
      "z_score": 0.7153526227549291,
      "p_value": 0.257,
      "n_perms": 1000
    },
    "phon": {
      "true_recurring_2plus": 170,
      "null_mean": 164.519,
      "null_std": 12.03667890242155,
      "z_score": 0.45535816352942027,
      "p_value": 0.351,
      "n_perms": 1000
    },
    "sem": {
      "true_recurring_2plus": 34,
      "null_mean": 30.123,
      "null_std": 3.0271886297355173,
      "z_score": 1.2807262692245012,
      "p_value": 0.137,
      "n_perms": 1000
    }
  },
  "elapsed_s": 512.2276275157928
}