{
  "corpus": "q",
  "lang": "hebrew",
  "variant": 4,
  "is_source": false,
  "n_units_used": 56,
  "n_blocked": 0,
  "diagnostic": {
    "n_boundaries": 55,
    "phonological_total": 1126,
    "etymological_total": 0,
    "semantic_total": 289,
    "per_boundary_phon_plus_etym": 20.472727272727273,
    "per_boundary_semantic": 5.254545454545455
  },
  "results": {
    "all": {
      "true_recurring_2plus": 210,
      "null_mean": 197.351,
      "null_std": 13.24793565050797,
      "z_score": 0.9547902657207575,
      "p_value": 0.178,
      "n_perms": 1000
    },
    "phon": {
      "true_recurring_2plus": 172,
      "null_mean": 167.508,
      "null_std": 12.150223701644345,
      "z_score": 0.3697051272720244,
      "p_value": 0.371,
      "n_perms": 1000
    },
    "sem": {
      "true_recurring_2plus": 38,
      "null_mean": 29.843,
      "null_std": 3.075768359288456,
      "z_score": 2.6520202587320423,
      "p_value": 0.01,
      "n_perms": 1000
    }
  },
  "elapsed_s": 530.5314342975616
}