{
  "corpus": "q",
  "lang": "syriac",
  "variant": 6,
  "is_source": false,
  "n_units_used": 56,
  "n_blocked": 0,
  "diagnostic": {
    "n_boundaries": 55,
    "phonological_total": 1187,
    "etymological_total": 0,
    "semantic_total": 274,
    "per_boundary_phon_plus_etym": 21.581818181818182,
    "per_boundary_semantic": 4.9818181818181815
  },
  "results": {
    "all": {
      "true_recurring_2plus": 230,
      "null_mean": 204.287,
      "null_std": 14.78447263178501,
      "z_score": 1.7391895294743107,
      "p_value": 0.045,
      "n_perms": 1000
    },
    "phon": {
      "true_recurring_2plus": 185,
      "null_mean": 171.615,
      "null_std": 13.248953732276371,
      "z_score": 1.010268453681153,
      "p_value": 0.16,
      "n_perms": 1000
    },
    "sem": {
      "true_recurring_2plus": 45,
      "null_mean": 32.672,
      "null_std": 3.2723716170386274,
      "z_score": 3.7672982908818824,
      "p_value": 0.0,
      "n_perms": 1000
    }
  },
  "elapsed_s": 560.0850832462311
}