{
  "corpus": "q",
  "lang": "syriac",
  "variant": 4,
  "is_source": false,
  "n_units_used": 56,
  "n_blocked": 0,
  "diagnostic": {
    "n_boundaries": 55,
    "phonological_total": 1149,
    "etymological_total": 0,
    "semantic_total": 259,
    "per_boundary_phon_plus_etym": 20.89090909090909,
    "per_boundary_semantic": 4.709090909090909
  },
  "results": {
    "all": {
      "true_recurring_2plus": 225,
      "null_mean": 201.415,
      "null_std": 14.333833227716863,
      "z_score": 1.645407730459321,
      "p_value": 0.062,
      "n_perms": 1000
    },
    "phon": {
      "true_recurring_2plus": 183,
      "null_mean": 170.149,
      "null_std": 12.940200887157818,
      "z_score": 0.99310668451474,
      "p_value": 0.166,
      "n_perms": 1000
    },
    "sem": {
      "true_recurring_2plus": 42,
      "null_mean": 31.266,
      "null_std": 3.2048781568103335,
      "z_score": 3.349269293495717,
      "p_value": 0.001,
      "n_perms": 1000
    }
  },
  "elapsed_s": 535.1797981262207
}