{
  "corpus": "q",
  "lang": "syriac",
  "variant": 3,
  "is_source": false,
  "n_units_used": 56,
  "n_blocked": 0,
  "diagnostic": {
    "n_boundaries": 55,
    "phonological_total": 1167,
    "etymological_total": 0,
    "semantic_total": 268,
    "per_boundary_phon_plus_etym": 21.21818181818182,
    "per_boundary_semantic": 4.872727272727273
  },
  "results": {
    "all": {
      "true_recurring_2plus": 228,
      "null_mean": 204.868,
      "null_std": 14.72564348339318,
      "z_score": 1.5708651391762323,
      "p_value": 0.063,
      "n_perms": 1000
    },
    "phon": {
      "true_recurring_2plus": 182,
      "null_mean": 171.901,
      "null_std": 13.229482189413158,
      "z_score": 0.7633707695741618,
      "p_value": 0.227,
      "n_perms": 1000
    },
    "sem": {
      "true_recurring_2plus": 46,
      "null_mean": 32.967,
      "null_std": 3.198423205268496,
      "z_score": 4.0748203610240905,
      "p_value": 0.0,
      "n_perms": 1000
    }
  },
  "elapsed_s": 554.18590259552
}