{
  "corpus": "thomas",
  "lang": "arabic",
  "variant": 5,
  "is_source": false,
  "n_units_used": 115,
  "n_blocked": 1,
  "diagnostic": {
    "n_boundaries": 114,
    "phonological_total": 502,
    "etymological_total": 0,
    "semantic_total": 234,
    "per_boundary_phon_plus_etym": 4.4035087719298245,
    "per_boundary_semantic": 2.0526315789473686
  },
  "results": {
    "all": {
      "true_recurring_2plus": 103,
      "null_mean": 86.536,
      "null_std": 6.6752306327197415,
      "z_score": 2.4664316344815105,
      "p_value": 0.015,
      "n_perms": 1000
    },
    "phon": {
      "true_recurring_2plus": 77,
      "null_mean": 65.442,
      "null_std": 5.933349475633472,
      "z_score": 1.9479722284125227,
      "p_value": 0.026,
      "n_perms": 1000
    },
    "sem": {
      "true_recurring_2plus": 26,
      "null_mean": 21.094,
      "null_std": 2.5312376419451414,
      "z_score": 1.9381823020891709,
      "p_value": 0.046,
      "n_perms": 1000
    }
  },
  "elapsed_s": 504.0767776966095
}