{
  "corpus": "thomas",
  "lang": "arabic",
  "variant": 2,
  "is_source": false,
  "n_units_used": 115,
  "n_blocked": 1,
  "diagnostic": {
    "n_boundaries": 114,
    "phonological_total": 496,
    "etymological_total": 0,
    "semantic_total": 231,
    "per_boundary_phon_plus_etym": 4.350877192982456,
    "per_boundary_semantic": 2.026315789473684
  },
  "results": {
    "all": {
      "true_recurring_2plus": 92,
      "null_mean": 83.795,
      "null_std": 6.522650918146701,
      "z_score": 1.25792413283575,
      "p_value": 0.125,
      "n_perms": 1000
    },
    "phon": {
      "true_recurring_2plus": 69,
      "null_mean": 63.224,
      "null_std": 5.698054404794675,
      "z_score": 1.0136793350270121,
      "p_value": 0.179,
      "n_perms": 1000
    },
    "sem": {
      "true_recurring_2plus": 23,
      "null_mean": 20.571,
      "null_std": 2.5017911583503527,
      "z_score": 0.970904382603082,
      "p_value": 0.207,
      "n_perms": 1000
    }
  },
  "elapsed_s": 503.82877349853516
}