{
  "corpus": "thomas",
  "lang": "arabic",
  "variant": 1,
  "is_source": false,
  "n_units_used": 115,
  "n_blocked": 1,
  "diagnostic": {
    "n_boundaries": 114,
    "phonological_total": 501,
    "etymological_total": 0,
    "semantic_total": 235,
    "per_boundary_phon_plus_etym": 4.394736842105263,
    "per_boundary_semantic": 2.06140350877193
  },
  "results": {
    "all": {
      "true_recurring_2plus": 99,
      "null_mean": 85.973,
      "null_std": 6.48477223963957,
      "z_score": 2.0088600676473494,
      "p_value": 0.024,
      "n_perms": 1000
    },
    "phon": {
      "true_recurring_2plus": 75,
      "null_mean": 65.228,
      "null_std": 5.752392198033789,
      "z_score": 1.698771513413176,
      "p_value": 0.054,
      "n_perms": 1000
    },
    "sem": {
      "true_recurring_2plus": 24,
      "null_mean": 20.745,
      "null_std": 2.451525035564597,
      "z_score": 1.3277449558047683,
      "p_value": 0.127,
      "n_perms": 1000
    }
  },
  "elapsed_s": 492.9212203025818
}