{
  "corpus": "thomas",
  "lang": "hebrew",
  "variant": 4,
  "is_source": false,
  "n_units_used": 115,
  "n_blocked": 2,
  "diagnostic": {
    "n_boundaries": 114,
    "phonological_total": 583,
    "etymological_total": 0,
    "semantic_total": 217,
    "per_boundary_phon_plus_etym": 5.114035087719298,
    "per_boundary_semantic": 1.9035087719298245
  },
  "results": {
    "all": {
      "true_recurring_2plus": 98,
      "null_mean": 91.59,
      "null_std": 7.622722610721185,
      "z_score": 0.8409068947339732,
      "p_value": 0.219,
      "n_perms": 1000
    },
    "phon": {
      "true_recurring_2plus": 73,
      "null_mean": 72.226,
      "null_std": 6.795066151260045,
      "z_score": 0.11390617585915246,
      "p_value": 0.478,
      "n_perms": 1000
    },
    "sem": {
      "true_recurring_2plus": 25,
      "null_mean": 19.364,
      "null_std": 2.744358577154232,
      "z_score": 2.0536674933507633,
      "p_value": 0.032,
      "n_perms": 1000
    }
  },
  "elapsed_s": 419.60099267959595
}